<?xml version="1.0" encoding="UTF-8"?>
<session>
  <parameters>
    <parameter>Typical diameter of objects, in pixel units (Min,Max)</parameter>
    <parameter>Typical diameter of objects, in pixel units (Min,Max)-1</parameter>
    <parameter>Lower and upper bounds on threshold</parameter>
    <parameter>Lower and upper bounds on threshold-1</parameter>
    <parameter>Threshold correction factor</parameter>
  </parameters>
  <measures>
    <measure>_Count-1</measure>
    <measure>_Count</measure>
  </measures>
  <sort_columns>
    <column_name>_Count-1</column_name>
    <column_name>_Count</column_name>
  </sort_columns>
  <parameter_list_queries>
    <parameter_list_model>
      <select_index>0</select_index>
      <select_index>1</select_index>
      <select_index>2</select_index>
    </parameter_list_model>
    <parameter_list_model>
      <select_index>1</select_index>
    </parameter_list_model>
    <parameter_list_model>
      <select_index>0</select_index>
      <select_index>1</select_index>
      <select_index>2</select_index>
    </parameter_list_model>
    <parameter_list_model>
      <select_index>0</select_index>
      <select_index>1</select_index>
      <select_index>2</select_index>
    </parameter_list_model>
    <parameter_list_model>
      <select_index>0</select_index>
      <select_index>1</select_index>
      <select_index>2</select_index>
    </parameter_list_model>
  </parameter_list_queries>
  <metric_range_queries>
    <metric_range_model>
      <lower-bound>4</lower-bound>
      <upper-bound>62</upper-bound>
    </metric_range_model>
    <metric_range_model>
      <lower-bound>0</lower-bound>
      <upper-bound>41</upper-bound>
    </metric_range_model>
  </metric_range_queries>
  <selected_rows>
    <predicate>(((((TRUE AND[Typical diameter of objects, in pixel units (Min,Max)]==6) AND[Typical diameter of objects, in pixel units (Min,Max)-1]==77) AND[Lower and upper bounds on threshold]==0.25f) AND[Lower and upper bounds on threshold-1]==0.75f) AND[Threshold correction factor]==1.25)</predicate>
    <predicate>(((((TRUE AND[Typical diameter of objects, in pixel units (Min,Max)]==6) AND[Typical diameter of objects, in pixel units (Min,Max)-1]==77) AND[Lower and upper bounds on threshold]==0.25f) AND[Lower and upper bounds on threshold-1]==0.75f) AND[Threshold correction factor]==0.75)</predicate>
    <predicate>(((((TRUE AND[Typical diameter of objects, in pixel units (Min,Max)]==6) AND[Typical diameter of objects, in pixel units (Min,Max)-1]==77) AND[Lower and upper bounds on threshold]==0.25f) AND[Lower and upper bounds on threshold-1]==1.0f) AND[Threshold correction factor]==1.0)</predicate>
    <predicate>(((((TRUE AND[Typical diameter of objects, in pixel units (Min,Max)]==6) AND[Typical diameter of objects, in pixel units (Min,Max)-1]==77) AND[Lower and upper bounds on threshold]==0.25f) AND[Lower and upper bounds on threshold-1]==0.875f) AND[Threshold correction factor]==1.0)</predicate>
    <predicate>(((((TRUE AND[Typical diameter of objects, in pixel units (Min,Max)]==6) AND[Typical diameter of objects, in pixel units (Min,Max)-1]==77) AND[Lower and upper bounds on threshold]==0.25f) AND[Lower and upper bounds on threshold-1]==1.0f) AND[Threshold correction factor]==0.75)</predicate>
    <predicate>(((((TRUE AND[Typical diameter of objects, in pixel units (Min,Max)]==6) AND[Typical diameter of objects, in pixel units (Min,Max)-1]==77) AND[Lower and upper bounds on threshold]==0.25f) AND[Lower and upper bounds on threshold-1]==0.75f) AND[Threshold correction factor]==1.0)</predicate>
    <predicate>(((((TRUE AND[Typical diameter of objects, in pixel units (Min,Max)]==6) AND[Typical diameter of objects, in pixel units (Min,Max)-1]==77) AND[Lower and upper bounds on threshold]==0.25f) AND[Lower and upper bounds on threshold-1]==0.875f) AND[Threshold correction factor]==0.75)</predicate>
    <predicate>(((((TRUE AND[Typical diameter of objects, in pixel units (Min,Max)]==6) AND[Typical diameter of objects, in pixel units (Min,Max)-1]==77) AND[Lower and upper bounds on threshold]==0.25f) AND[Lower and upper bounds on threshold-1]==1.0f) AND[Threshold correction factor]==1.25)</predicate>
    <predicate>(((((TRUE AND[Typical diameter of objects, in pixel units (Min,Max)]==6) AND[Typical diameter of objects, in pixel units (Min,Max)-1]==77) AND[Lower and upper bounds on threshold]==0.25f) AND[Lower and upper bounds on threshold-1]==0.875f) AND[Threshold correction factor]==1.25)</predicate>
  </selected_rows>
  <reference_images>
    <reference_image_group>
      <image>
        <path>/Users/ajp/Desktop/ExampleHumanImages/human_images_ref_img_1.jpg</path>
        <region>
          <x>0.008241758241758242</x>
          <y>0.008241758241758242</y>
          <width>0.8269230769230769</width>
          <height>0.5</height>
        </region>
      </image>
    </reference_image_group>
    <reference_image_group>
      <image>
        <path>/Users/ajp/Desktop/ExampleHumanImages/human_images_ref_img_2.jpg</path>
        <region>
          <x>0.49175824175824173</x>
          <y>0.26373626373626374</y>
          <width>0.5</width>
          <height>0.728021978021978</height>
        </region>
      </image>
    </reference_image_group>
  </reference_images>
  <image_transformations>
    <blend_factor>0.68</blend_factor>
    <scale_factor>0.28</scale_factor>
  </image_transformations>
  <parameter_view>
    <layout>layout_adaptive</layout>
  </parameter_view>
  <metric_view>
    <layout>layout_adaptive</layout>
  </metric_view>
</session>
