<?xml version="1.0" encoding="UTF-8"?>
<session>
  <parameters>
    <parameter>Threshold correction factor</parameter>
    <parameter>Typical diameter of objects, in pixel units (Min,Max)</parameter>
    <parameter>Typical diameter of objects, in pixel units (Min,Max)-1</parameter>
    <parameter>Lower and upper bounds on threshold</parameter>
    <parameter>Lower and upper bounds on threshold-1</parameter>
  </parameters>
  <measures>
    <measure>_Count</measure>
    <measure>_Count-1</measure>
  </measures>
  <sort_columns>
  </sort_columns>
  <parameter_list_queries>
    <parameter_list_model>
      <select_index>0</select_index>
      <select_index>1</select_index>
      <select_index>2</select_index>
    </parameter_list_model>
    <parameter_list_model>
      <select_index>0</select_index>
      <select_index>1</select_index>
      <select_index>2</select_index>
    </parameter_list_model>
    <parameter_list_model>
      <select_index>0</select_index>
      <select_index>1</select_index>
      <select_index>2</select_index>
    </parameter_list_model>
    <parameter_list_model>
      <select_index>0</select_index>
      <select_index>1</select_index>
      <select_index>2</select_index>
    </parameter_list_model>
    <parameter_list_model>
      <select_index>0</select_index>
      <select_index>1</select_index>
      <select_index>2</select_index>
    </parameter_list_model>
  </parameter_list_queries>
  <metric_range_queries>
    <metric_range_model>
      <lower-bound>0</lower-bound>
      <upper-bound>41</upper-bound>
    </metric_range_model>
    <metric_range_model>
      <lower-bound>4</lower-bound>
      <upper-bound>62</upper-bound>
    </metric_range_model>
  </metric_range_queries>
  <selected_rows>
  </selected_rows>
  <reference_images>
    <reference_image_group>
      <image>
        <path>human_images_ref_img_1.jpg</path>
        <region>
          <x>0.0</x>
          <y>0.0</y>
          <width>1.0</width>
          <height>1.0</height>
        </region>
      </image>
    </reference_image_group>
    <reference_image_group>
      <image>
        <path>human_images_ref_img_2.jpg</path>
        <region>
          <x>0.0</x>
          <y>0.0</y>
          <width>1.0</width>
          <height>1.0</height>
        </region>
      </image>
    </reference_image_group>
  </reference_images>
  <image_transformations>
    <blend_factor>0.3</blend_factor>
    <scale_factor>0.5</scale_factor>
  </image_transformations>
  <parameter_view>
    <layout>layout_adaptive</layout>
  </parameter_view>
  <metric_view>
    <layout>layout_adaptive</layout>
  </metric_view>
</session>
