Select the input image	Name the primary objects to be identified	Typical diameter of objects, in pixel units (Min,Max)	Discard objects outside the diameter range?	Try to merge too small objects with nearby larger objects?	Discard objects touching the border of the image?	Select the thresholding method	Approximate fraction of image covered by objects?	Threshold correction factor	Lower and upper bounds on threshold	Method to distinguish clumped objects	Method to draw dividing lines between clumped objects	Automatically calculate size of smoothing filter?	Automatically calculate minimum allowed distance between local maxima?	Speed up by using lower-resolution image to find local maxima?	Retain outlines of the identified objects?	Name the outline image	Fill holes in identified objects?	Handling of objects if excessive number of objects identified	_Count
CropBlue	Nuclei	(6, 73)	True	False	True	MoG Global	0.1	0.75	(0.01, 0.75)	Intensity	Intensity	True	True	True	True	NucOutlines_0.jpg	True	Continue	41
CropBlue	Nuclei	(6, 73)	True	False	True	MoG Global	0.1	0.75	(0.01, 0.875)	Intensity	Intensity	True	True	True	True	NucOutlines_1.jpg	True	Continue	41
CropBlue	Nuclei	(6, 73)	True	False	True	MoG Global	0.1	0.75	(0.01, 1.0)	Intensity	Intensity	True	True	True	True	NucOutlines_2.jpg	True	Continue	41
CropBlue	Nuclei	(6, 73)	True	False	True	MoG Global	0.1	0.75	(0.13, 0.75)	Intensity	Intensity	True	True	True	True	NucOutlines_3.jpg	True	Continue	41
CropBlue	Nuclei	(6, 73)	True	False	True	MoG Global	0.1	0.75	(0.13, 0.875)	Intensity	Intensity	True	True	True	True	NucOutlines_4.jpg	True	Continue	41
CropBlue	Nuclei	(6, 73)	True	False	True	MoG Global	0.1	0.75	(0.13, 1.0)	Intensity	Intensity	True	True	True	True	NucOutlines_5.jpg	True	Continue	41
CropBlue	Nuclei	(6, 73)	True	False	True	MoG Global	0.1	0.75	(0.25, 0.75)	Intensity	Intensity	True	True	True	True	NucOutlines_6.jpg	True	Continue	15
CropBlue	Nuclei	(6, 73)	True	False	True	MoG Global	0.1	0.75	(0.25, 0.875)	Intensity	Intensity	True	True	True	True	NucOutlines_7.jpg	True	Continue	15
CropBlue	Nuclei	(6, 73)	True	False	True	MoG Global	0.1	0.75	(0.25, 1.0)	Intensity	Intensity	True	True	True	True	NucOutlines_8.jpg	True	Continue	15
CropBlue	Nuclei	(6, 73)	True	False	True	MoG Global	0.1	1.0	(0.01, 0.75)	Intensity	Intensity	True	True	True	True	NucOutlines_9.jpg	True	Continue	41
CropBlue	Nuclei	(6, 73)	True	False	True	MoG Global	0.1	1.0	(0.01, 0.875)	Intensity	Intensity	True	True	True	True	NucOutlines_10.jpg	True	Continue	41
CropBlue	Nuclei	(6, 73)	True	False	True	MoG Global	0.1	1.0	(0.01, 1.0)	Intensity	Intensity	True	True	True	True	NucOutlines_11.jpg	True	Continue	41
CropBlue	Nuclei	(6, 73)	True	False	True	MoG Global	0.1	1.0	(0.13, 0.75)	Intensity	Intensity	True	True	True	True	NucOutlines_12.jpg	True	Continue	41
CropBlue	Nuclei	(6, 73)	True	False	True	MoG Global	0.1	1.0	(0.13, 0.875)	Intensity	Intensity	True	True	True	True	NucOutlines_13.jpg	True	Continue	41
CropBlue	Nuclei	(6, 73)	True	False	True	MoG Global	0.1	1.0	(0.13, 1.0)	Intensity	Intensity	True	True	True	True	NucOutlines_14.jpg	True	Continue	41
CropBlue	Nuclei	(6, 73)	True	False	True	MoG Global	0.1	1.0	(0.25, 0.75)	Intensity	Intensity	True	True	True	True	NucOutlines_15.jpg	True	Continue	15
CropBlue	Nuclei	(6, 73)	True	False	True	MoG Global	0.1	1.0	(0.25, 0.875)	Intensity	Intensity	True	True	True	True	NucOutlines_16.jpg	True	Continue	15
CropBlue	Nuclei	(6, 73)	True	False	True	MoG Global	0.1	1.0	(0.25, 1.0)	Intensity	Intensity	True	True	True	True	NucOutlines_17.jpg	True	Continue	15
CropBlue	Nuclei	(6, 73)	True	False	True	MoG Global	0.1	1.25	(0.01, 0.75)	Intensity	Intensity	True	True	True	True	NucOutlines_18.jpg	True	Continue	41
CropBlue	Nuclei	(6, 73)	True	False	True	MoG Global	0.1	1.25	(0.01, 0.875)	Intensity	Intensity	True	True	True	True	NucOutlines_19.jpg	True	Continue	41
CropBlue	Nuclei	(6, 73)	True	False	True	MoG Global	0.1	1.25	(0.01, 1.0)	Intensity	Intensity	True	True	True	True	NucOutlines_20.jpg	True	Continue	41
CropBlue	Nuclei	(6, 73)	True	False	True	MoG Global	0.1	1.25	(0.13, 0.75)	Intensity	Intensity	True	True	True	True	NucOutlines_21.jpg	True	Continue	41
CropBlue	Nuclei	(6, 73)	True	False	True	MoG Global	0.1	1.25	(0.13, 0.875)	Intensity	Intensity	True	True	True	True	NucOutlines_22.jpg	True	Continue	41
CropBlue	Nuclei	(6, 73)	True	False	True	MoG Global	0.1	1.25	(0.13, 1.0)	Intensity	Intensity	True	True	True	True	NucOutlines_23.jpg	True	Continue	41
CropBlue	Nuclei	(6, 73)	True	False	True	MoG Global	0.1	1.25	(0.25, 0.75)	Intensity	Intensity	True	True	True	True	NucOutlines_24.jpg	True	Continue	15
CropBlue	Nuclei	(6, 73)	True	False	True	MoG Global	0.1	1.25	(0.25, 0.875)	Intensity	Intensity	True	True	True	True	NucOutlines_25.jpg	True	Continue	15
CropBlue	Nuclei	(6, 73)	True	False	True	MoG Global	0.1	1.25	(0.25, 1.0)	Intensity	Intensity	True	True	True	True	NucOutlines_26.jpg	True	Continue	15
CropBlue	Nuclei	(6, 77)	True	False	True	MoG Global	0.1	0.75	(0.01, 0.75)	Intensity	Intensity	True	True	True	True	NucOutlines_27.jpg	True	Continue	41
CropBlue	Nuclei	(6, 77)	True	False	True	MoG Global	0.1	0.75	(0.01, 0.875)	Intensity	Intensity	True	True	True	True	NucOutlines_28.jpg	True	Continue	41
CropBlue	Nuclei	(6, 77)	True	False	True	MoG Global	0.1	0.75	(0.01, 1.0)	Intensity	Intensity	True	True	True	True	NucOutlines_29.jpg	True	Continue	41
CropBlue	Nuclei	(6, 77)	True	False	True	MoG Global	0.1	0.75	(0.13, 0.75)	Intensity	Intensity	True	True	True	True	NucOutlines_30.jpg	True	Continue	41
CropBlue	Nuclei	(6, 77)	True	False	True	MoG Global	0.1	0.75	(0.13, 0.875)	Intensity	Intensity	True	True	True	True	NucOutlines_31.jpg	True	Continue	41
CropBlue	Nuclei	(6, 77)	True	False	True	MoG Global	0.1	0.75	(0.13, 1.0)	Intensity	Intensity	True	True	True	True	NucOutlines_32.jpg	True	Continue	41
CropBlue	Nuclei	(6, 77)	True	False	True	MoG Global	0.1	0.75	(0.25, 0.75)	Intensity	Intensity	True	True	True	True	NucOutlines_33.jpg	True	Continue	15
CropBlue	Nuclei	(6, 77)	True	False	True	MoG Global	0.1	0.75	(0.25, 0.875)	Intensity	Intensity	True	True	True	True	NucOutlines_34.jpg	True	Continue	15
CropBlue	Nuclei	(6, 77)	True	False	True	MoG Global	0.1	0.75	(0.25, 1.0)	Intensity	Intensity	True	True	True	True	NucOutlines_35.jpg	True	Continue	15
CropBlue	Nuclei	(6, 77)	True	False	True	MoG Global	0.1	1.0	(0.01, 0.75)	Intensity	Intensity	True	True	True	True	NucOutlines_36.jpg	True	Continue	41
CropBlue	Nuclei	(6, 77)	True	False	True	MoG Global	0.1	1.0	(0.01, 0.875)	Intensity	Intensity	True	True	True	True	NucOutlines_37.jpg	True	Continue	41
CropBlue	Nuclei	(6, 77)	True	False	True	MoG Global	0.1	1.0	(0.01, 1.0)	Intensity	Intensity	True	True	True	True	NucOutlines_38.jpg	True	Continue	41
CropBlue	Nuclei	(6, 77)	True	False	True	MoG Global	0.1	1.0	(0.13, 0.75)	Intensity	Intensity	True	True	True	True	NucOutlines_39.jpg	True	Continue	41
CropBlue	Nuclei	(6, 77)	True	False	True	MoG Global	0.1	1.0	(0.13, 0.875)	Intensity	Intensity	True	True	True	True	NucOutlines_40.jpg	True	Continue	41
CropBlue	Nuclei	(6, 77)	True	False	True	MoG Global	0.1	1.0	(0.13, 1.0)	Intensity	Intensity	True	True	True	True	NucOutlines_41.jpg	True	Continue	41
CropBlue	Nuclei	(6, 77)	True	False	True	MoG Global	0.1	1.0	(0.25, 0.75)	Intensity	Intensity	True	True	True	True	NucOutlines_42.jpg	True	Continue	15
CropBlue	Nuclei	(6, 77)	True	False	True	MoG Global	0.1	1.0	(0.25, 0.875)	Intensity	Intensity	True	True	True	True	NucOutlines_43.jpg	True	Continue	15
CropBlue	Nuclei	(6, 77)	True	False	True	MoG Global	0.1	1.0	(0.25, 1.0)	Intensity	Intensity	True	True	True	True	NucOutlines_44.jpg	True	Continue	15
CropBlue	Nuclei	(6, 77)	True	False	True	MoG Global	0.1	1.25	(0.01, 0.75)	Intensity	Intensity	True	True	True	True	NucOutlines_45.jpg	True	Continue	41
CropBlue	Nuclei	(6, 77)	True	False	True	MoG Global	0.1	1.25	(0.01, 0.875)	Intensity	Intensity	True	True	True	True	NucOutlines_46.jpg	True	Continue	41
CropBlue	Nuclei	(6, 77)	True	False	True	MoG Global	0.1	1.25	(0.01, 1.0)	Intensity	Intensity	True	True	True	True	NucOutlines_47.jpg	True	Continue	41
CropBlue	Nuclei	(6, 77)	True	False	True	MoG Global	0.1	1.25	(0.13, 0.75)	Intensity	Intensity	True	True	True	True	NucOutlines_48.jpg	True	Continue	41
CropBlue	Nuclei	(6, 77)	True	False	True	MoG Global	0.1	1.25	(0.13, 0.875)	Intensity	Intensity	True	True	True	True	NucOutlines_49.jpg	True	Continue	41
CropBlue	Nuclei	(6, 77)	True	False	True	MoG Global	0.1	1.25	(0.13, 1.0)	Intensity	Intensity	True	True	True	True	NucOutlines_50.jpg	True	Continue	41
CropBlue	Nuclei	(6, 77)	True	False	True	MoG Global	0.1	1.25	(0.25, 0.75)	Intensity	Intensity	True	True	True	True	NucOutlines_51.jpg	True	Continue	15
CropBlue	Nuclei	(6, 77)	True	False	True	MoG Global	0.1	1.25	(0.25, 0.875)	Intensity	Intensity	True	True	True	True	NucOutlines_52.jpg	True	Continue	15
CropBlue	Nuclei	(6, 77)	True	False	True	MoG Global	0.1	1.25	(0.25, 1.0)	Intensity	Intensity	True	True	True	True	NucOutlines_53.jpg	True	Continue	15
CropBlue	Nuclei	(6, 82)	True	False	True	MoG Global	0.1	0.75	(0.01, 0.75)	Intensity	Intensity	True	True	True	True	NucOutlines_54.jpg	True	Continue	41
CropBlue	Nuclei	(6, 82)	True	False	True	MoG Global	0.1	0.75	(0.01, 0.875)	Intensity	Intensity	True	True	True	True	NucOutlines_55.jpg	True	Continue	41
CropBlue	Nuclei	(6, 82)	True	False	True	MoG Global	0.1	0.75	(0.01, 1.0)	Intensity	Intensity	True	True	True	True	NucOutlines_56.jpg	True	Continue	41
CropBlue	Nuclei	(6, 82)	True	False	True	MoG Global	0.1	0.75	(0.13, 0.75)	Intensity	Intensity	True	True	True	True	NucOutlines_57.jpg	True	Continue	41
CropBlue	Nuclei	(6, 82)	True	False	True	MoG Global	0.1	0.75	(0.13, 0.875)	Intensity	Intensity	True	True	True	True	NucOutlines_58.jpg	True	Continue	41
CropBlue	Nuclei	(6, 82)	True	False	True	MoG Global	0.1	0.75	(0.13, 1.0)	Intensity	Intensity	True	True	True	True	NucOutlines_59.jpg	True	Continue	41
CropBlue	Nuclei	(6, 82)	True	False	True	MoG Global	0.1	0.75	(0.25, 0.75)	Intensity	Intensity	True	True	True	True	NucOutlines_60.jpg	True	Continue	15
CropBlue	Nuclei	(6, 82)	True	False	True	MoG Global	0.1	0.75	(0.25, 0.875)	Intensity	Intensity	True	True	True	True	NucOutlines_61.jpg	True	Continue	15
CropBlue	Nuclei	(6, 82)	True	False	True	MoG Global	0.1	0.75	(0.25, 1.0)	Intensity	Intensity	True	True	True	True	NucOutlines_62.jpg	True	Continue	15
CropBlue	Nuclei	(6, 82)	True	False	True	MoG Global	0.1	1.0	(0.01, 0.75)	Intensity	Intensity	True	True	True	True	NucOutlines_63.jpg	True	Continue	41
CropBlue	Nuclei	(6, 82)	True	False	True	MoG Global	0.1	1.0	(0.01, 0.875)	Intensity	Intensity	True	True	True	True	NucOutlines_64.jpg	True	Continue	41
CropBlue	Nuclei	(6, 82)	True	False	True	MoG Global	0.1	1.0	(0.01, 1.0)	Intensity	Intensity	True	True	True	True	NucOutlines_65.jpg	True	Continue	41
CropBlue	Nuclei	(6, 82)	True	False	True	MoG Global	0.1	1.0	(0.13, 0.75)	Intensity	Intensity	True	True	True	True	NucOutlines_66.jpg	True	Continue	41
CropBlue	Nuclei	(6, 82)	True	False	True	MoG Global	0.1	1.0	(0.13, 0.875)	Intensity	Intensity	True	True	True	True	NucOutlines_67.jpg	True	Continue	41
CropBlue	Nuclei	(6, 82)	True	False	True	MoG Global	0.1	1.0	(0.13, 1.0)	Intensity	Intensity	True	True	True	True	NucOutlines_68.jpg	True	Continue	41
CropBlue	Nuclei	(6, 82)	True	False	True	MoG Global	0.1	1.0	(0.25, 0.75)	Intensity	Intensity	True	True	True	True	NucOutlines_69.jpg	True	Continue	15
CropBlue	Nuclei	(6, 82)	True	False	True	MoG Global	0.1	1.0	(0.25, 0.875)	Intensity	Intensity	True	True	True	True	NucOutlines_70.jpg	True	Continue	15
CropBlue	Nuclei	(6, 82)	True	False	True	MoG Global	0.1	1.0	(0.25, 1.0)	Intensity	Intensity	True	True	True	True	NucOutlines_71.jpg	True	Continue	15
CropBlue	Nuclei	(6, 82)	True	False	True	MoG Global	0.1	1.25	(0.01, 0.75)	Intensity	Intensity	True	True	True	True	NucOutlines_72.jpg	True	Continue	41
CropBlue	Nuclei	(6, 82)	True	False	True	MoG Global	0.1	1.25	(0.01, 0.875)	Intensity	Intensity	True	True	True	True	NucOutlines_73.jpg	True	Continue	41
CropBlue	Nuclei	(6, 82)	True	False	True	MoG Global	0.1	1.25	(0.01, 1.0)	Intensity	Intensity	True	True	True	True	NucOutlines_74.jpg	True	Continue	41
CropBlue	Nuclei	(6, 82)	True	False	True	MoG Global	0.1	1.25	(0.13, 0.75)	Intensity	Intensity	True	True	True	True	NucOutlines_75.jpg	True	Continue	41
CropBlue	Nuclei	(6, 82)	True	False	True	MoG Global	0.1	1.25	(0.13, 0.875)	Intensity	Intensity	True	True	True	True	NucOutlines_76.jpg	True	Continue	41
CropBlue	Nuclei	(6, 82)	True	False	True	MoG Global	0.1	1.25	(0.13, 1.0)	Intensity	Intensity	True	True	True	True	NucOutlines_77.jpg	True	Continue	41
CropBlue	Nuclei	(6, 82)	True	False	True	MoG Global	0.1	1.25	(0.25, 0.75)	Intensity	Intensity	True	True	True	True	NucOutlines_78.jpg	True	Continue	15
CropBlue	Nuclei	(6, 82)	True	False	True	MoG Global	0.1	1.25	(0.25, 0.875)	Intensity	Intensity	True	True	True	True	NucOutlines_79.jpg	True	Continue	15
CropBlue	Nuclei	(6, 82)	True	False	True	MoG Global	0.1	1.25	(0.25, 1.0)	Intensity	Intensity	True	True	True	True	NucOutlines_80.jpg	True	Continue	15
CropBlue	Nuclei	(8, 73)	True	False	True	MoG Global	0.1	0.75	(0.01, 0.75)	Intensity	Intensity	True	True	True	True	NucOutlines_81.jpg	True	Continue	39
CropBlue	Nuclei	(8, 73)	True	False	True	MoG Global	0.1	0.75	(0.01, 0.875)	Intensity	Intensity	True	True	True	True	NucOutlines_82.jpg	True	Continue	39
CropBlue	Nuclei	(8, 73)	True	False	True	MoG Global	0.1	0.75	(0.01, 1.0)	Intensity	Intensity	True	True	True	True	NucOutlines_83.jpg	True	Continue	39
CropBlue	Nuclei	(8, 73)	True	False	True	MoG Global	0.1	0.75	(0.13, 0.75)	Intensity	Intensity	True	True	True	True	NucOutlines_84.jpg	True	Continue	39
CropBlue	Nuclei	(8, 73)	True	False	True	MoG Global	0.1	0.75	(0.13, 0.875)	Intensity	Intensity	True	True	True	True	NucOutlines_85.jpg	True	Continue	39
CropBlue	Nuclei	(8, 73)	True	False	True	MoG Global	0.1	0.75	(0.13, 1.0)	Intensity	Intensity	True	True	True	True	NucOutlines_86.jpg	True	Continue	39
CropBlue	Nuclei	(8, 73)	True	False	True	MoG Global	0.1	0.75	(0.25, 0.75)	Intensity	Intensity	True	True	True	True	NucOutlines_87.jpg	True	Continue	6
CropBlue	Nuclei	(8, 73)	True	False	True	MoG Global	0.1	0.75	(0.25, 0.875)	Intensity	Intensity	True	True	True	True	NucOutlines_88.jpg	True	Continue	6
CropBlue	Nuclei	(8, 73)	True	False	True	MoG Global	0.1	0.75	(0.25, 1.0)	Intensity	Intensity	True	True	True	True	NucOutlines_89.jpg	True	Continue	6
CropBlue	Nuclei	(8, 73)	True	False	True	MoG Global	0.1	1.0	(0.01, 0.75)	Intensity	Intensity	True	True	True	True	NucOutlines_90.jpg	True	Continue	38
CropBlue	Nuclei	(8, 73)	True	False	True	MoG Global	0.1	1.0	(0.01, 0.875)	Intensity	Intensity	True	True	True	True	NucOutlines_91.jpg	True	Continue	38
CropBlue	Nuclei	(8, 73)	True	False	True	MoG Global	0.1	1.0	(0.01, 1.0)	Intensity	Intensity	True	True	True	True	NucOutlines_92.jpg	True	Continue	38
CropBlue	Nuclei	(8, 73)	True	False	True	MoG Global	0.1	1.0	(0.13, 0.75)	Intensity	Intensity	True	True	True	True	NucOutlines_93.jpg	True	Continue	39
CropBlue	Nuclei	(8, 73)	True	False	True	MoG Global	0.1	1.0	(0.13, 0.875)	Intensity	Intensity	True	True	True	True	NucOutlines_94.jpg	True	Continue	39
CropBlue	Nuclei	(8, 73)	True	False	True	MoG Global	0.1	1.0	(0.13, 1.0)	Intensity	Intensity	True	True	True	True	NucOutlines_95.jpg	True	Continue	39
CropBlue	Nuclei	(8, 73)	True	False	True	MoG Global	0.1	1.0	(0.25, 0.75)	Intensity	Intensity	True	True	True	True	NucOutlines_96.jpg	True	Continue	6
CropBlue	Nuclei	(8, 73)	True	False	True	MoG Global	0.1	1.0	(0.25, 0.875)	Intensity	Intensity	True	True	True	True	NucOutlines_97.jpg	True	Continue	6
CropBlue	Nuclei	(8, 73)	True	False	True	MoG Global	0.1	1.0	(0.25, 1.0)	Intensity	Intensity	True	True	True	True	NucOutlines_98.jpg	True	Continue	6
CropBlue	Nuclei	(8, 73)	True	False	True	MoG Global	0.1	1.25	(0.01, 0.75)	Intensity	Intensity	True	True	True	True	NucOutlines_99.jpg	True	Continue	39
CropBlue	Nuclei	(8, 73)	True	False	True	MoG Global	0.1	1.25	(0.01, 0.875)	Intensity	Intensity	True	True	True	True	NucOutlines_100.jpg	True	Continue	39
CropBlue	Nuclei	(8, 73)	True	False	True	MoG Global	0.1	1.25	(0.01, 1.0)	Intensity	Intensity	True	True	True	True	NucOutlines_101.jpg	True	Continue	39
CropBlue	Nuclei	(8, 73)	True	False	True	MoG Global	0.1	1.25	(0.13, 0.75)	Intensity	Intensity	True	True	True	True	NucOutlines_102.jpg	True	Continue	39
CropBlue	Nuclei	(8, 73)	True	False	True	MoG Global	0.1	1.25	(0.13, 0.875)	Intensity	Intensity	True	True	True	True	NucOutlines_103.jpg	True	Continue	39
CropBlue	Nuclei	(8, 73)	True	False	True	MoG Global	0.1	1.25	(0.13, 1.0)	Intensity	Intensity	True	True	True	True	NucOutlines_104.jpg	True	Continue	39
CropBlue	Nuclei	(8, 73)	True	False	True	MoG Global	0.1	1.25	(0.25, 0.75)	Intensity	Intensity	True	True	True	True	NucOutlines_105.jpg	True	Continue	6
CropBlue	Nuclei	(8, 73)	True	False	True	MoG Global	0.1	1.25	(0.25, 0.875)	Intensity	Intensity	True	True	True	True	NucOutlines_106.jpg	True	Continue	6
CropBlue	Nuclei	(8, 73)	True	False	True	MoG Global	0.1	1.25	(0.25, 1.0)	Intensity	Intensity	True	True	True	True	NucOutlines_107.jpg	True	Continue	6
CropBlue	Nuclei	(8, 77)	True	False	True	MoG Global	0.1	0.75	(0.01, 0.75)	Intensity	Intensity	True	True	True	True	NucOutlines_108.jpg	True	Continue	39
CropBlue	Nuclei	(8, 77)	True	False	True	MoG Global	0.1	0.75	(0.01, 0.875)	Intensity	Intensity	True	True	True	True	NucOutlines_109.jpg	True	Continue	39
CropBlue	Nuclei	(8, 77)	True	False	True	MoG Global	0.1	0.75	(0.01, 1.0)	Intensity	Intensity	True	True	True	True	NucOutlines_110.jpg	True	Continue	39
CropBlue	Nuclei	(8, 77)	True	False	True	MoG Global	0.1	0.75	(0.13, 0.75)	Intensity	Intensity	True	True	True	True	NucOutlines_111.jpg	True	Continue	39
CropBlue	Nuclei	(8, 77)	True	False	True	MoG Global	0.1	0.75	(0.13, 0.875)	Intensity	Intensity	True	True	True	True	NucOutlines_112.jpg	True	Continue	39
CropBlue	Nuclei	(8, 77)	True	False	True	MoG Global	0.1	0.75	(0.13, 1.0)	Intensity	Intensity	True	True	True	True	NucOutlines_113.jpg	True	Continue	39
CropBlue	Nuclei	(8, 77)	True	False	True	MoG Global	0.1	0.75	(0.25, 0.75)	Intensity	Intensity	True	True	True	True	NucOutlines_114.jpg	True	Continue	6
CropBlue	Nuclei	(8, 77)	True	False	True	MoG Global	0.1	0.75	(0.25, 0.875)	Intensity	Intensity	True	True	True	True	NucOutlines_115.jpg	True	Continue	6
CropBlue	Nuclei	(8, 77)	True	False	True	MoG Global	0.1	0.75	(0.25, 1.0)	Intensity	Intensity	True	True	True	True	NucOutlines_116.jpg	True	Continue	6
CropBlue	Nuclei	(8, 77)	True	False	True	MoG Global	0.1	1.0	(0.01, 0.75)	Intensity	Intensity	True	True	True	True	NucOutlines_117.jpg	True	Continue	38
CropBlue	Nuclei	(8, 77)	True	False	True	MoG Global	0.1	1.0	(0.01, 0.875)	Intensity	Intensity	True	True	True	True	NucOutlines_118.jpg	True	Continue	38
CropBlue	Nuclei	(8, 77)	True	False	True	MoG Global	0.1	1.0	(0.01, 1.0)	Intensity	Intensity	True	True	True	True	NucOutlines_119.jpg	True	Continue	38
CropBlue	Nuclei	(8, 77)	True	False	True	MoG Global	0.1	1.0	(0.13, 0.75)	Intensity	Intensity	True	True	True	True	NucOutlines_120.jpg	True	Continue	39
CropBlue	Nuclei	(8, 77)	True	False	True	MoG Global	0.1	1.0	(0.13, 0.875)	Intensity	Intensity	True	True	True	True	NucOutlines_121.jpg	True	Continue	39
CropBlue	Nuclei	(8, 77)	True	False	True	MoG Global	0.1	1.0	(0.13, 1.0)	Intensity	Intensity	True	True	True	True	NucOutlines_122.jpg	True	Continue	39
CropBlue	Nuclei	(8, 77)	True	False	True	MoG Global	0.1	1.0	(0.25, 0.75)	Intensity	Intensity	True	True	True	True	NucOutlines_123.jpg	True	Continue	6
CropBlue	Nuclei	(8, 77)	True	False	True	MoG Global	0.1	1.0	(0.25, 0.875)	Intensity	Intensity	True	True	True	True	NucOutlines_124.jpg	True	Continue	6
CropBlue	Nuclei	(8, 77)	True	False	True	MoG Global	0.1	1.0	(0.25, 1.0)	Intensity	Intensity	True	True	True	True	NucOutlines_125.jpg	True	Continue	6
CropBlue	Nuclei	(8, 77)	True	False	True	MoG Global	0.1	1.25	(0.01, 0.75)	Intensity	Intensity	True	True	True	True	NucOutlines_126.jpg	True	Continue	39
CropBlue	Nuclei	(8, 77)	True	False	True	MoG Global	0.1	1.25	(0.01, 0.875)	Intensity	Intensity	True	True	True	True	NucOutlines_127.jpg	True	Continue	39
CropBlue	Nuclei	(8, 77)	True	False	True	MoG Global	0.1	1.25	(0.01, 1.0)	Intensity	Intensity	True	True	True	True	NucOutlines_128.jpg	True	Continue	39
CropBlue	Nuclei	(8, 77)	True	False	True	MoG Global	0.1	1.25	(0.13, 0.75)	Intensity	Intensity	True	True	True	True	NucOutlines_129.jpg	True	Continue	39
CropBlue	Nuclei	(8, 77)	True	False	True	MoG Global	0.1	1.25	(0.13, 0.875)	Intensity	Intensity	True	True	True	True	NucOutlines_130.jpg	True	Continue	39
CropBlue	Nuclei	(8, 77)	True	False	True	MoG Global	0.1	1.25	(0.13, 1.0)	Intensity	Intensity	True	True	True	True	NucOutlines_131.jpg	True	Continue	39
CropBlue	Nuclei	(8, 77)	True	False	True	MoG Global	0.1	1.25	(0.25, 0.75)	Intensity	Intensity	True	True	True	True	NucOutlines_132.jpg	True	Continue	6
CropBlue	Nuclei	(8, 77)	True	False	True	MoG Global	0.1	1.25	(0.25, 0.875)	Intensity	Intensity	True	True	True	True	NucOutlines_133.jpg	True	Continue	6
CropBlue	Nuclei	(8, 77)	True	False	True	MoG Global	0.1	1.25	(0.25, 1.0)	Intensity	Intensity	True	True	True	True	NucOutlines_134.jpg	True	Continue	6
CropBlue	Nuclei	(8, 82)	True	False	True	MoG Global	0.1	0.75	(0.01, 0.75)	Intensity	Intensity	True	True	True	True	NucOutlines_135.jpg	True	Continue	39
CropBlue	Nuclei	(8, 82)	True	False	True	MoG Global	0.1	0.75	(0.01, 0.875)	Intensity	Intensity	True	True	True	True	NucOutlines_136.jpg	True	Continue	39
CropBlue	Nuclei	(8, 82)	True	False	True	MoG Global	0.1	0.75	(0.01, 1.0)	Intensity	Intensity	True	True	True	True	NucOutlines_137.jpg	True	Continue	39
CropBlue	Nuclei	(8, 82)	True	False	True	MoG Global	0.1	0.75	(0.13, 0.75)	Intensity	Intensity	True	True	True	True	NucOutlines_138.jpg	True	Continue	39
CropBlue	Nuclei	(8, 82)	True	False	True	MoG Global	0.1	0.75	(0.13, 0.875)	Intensity	Intensity	True	True	True	True	NucOutlines_139.jpg	True	Continue	39
CropBlue	Nuclei	(8, 82)	True	False	True	MoG Global	0.1	0.75	(0.13, 1.0)	Intensity	Intensity	True	True	True	True	NucOutlines_140.jpg	True	Continue	39
CropBlue	Nuclei	(8, 82)	True	False	True	MoG Global	0.1	0.75	(0.25, 0.75)	Intensity	Intensity	True	True	True	True	NucOutlines_141.jpg	True	Continue	6
CropBlue	Nuclei	(8, 82)	True	False	True	MoG Global	0.1	0.75	(0.25, 0.875)	Intensity	Intensity	True	True	True	True	NucOutlines_142.jpg	True	Continue	6
CropBlue	Nuclei	(8, 82)	True	False	True	MoG Global	0.1	0.75	(0.25, 1.0)	Intensity	Intensity	True	True	True	True	NucOutlines_143.jpg	True	Continue	6
CropBlue	Nuclei	(8, 82)	True	False	True	MoG Global	0.1	1.0	(0.01, 0.75)	Intensity	Intensity	True	True	True	True	NucOutlines_144.jpg	True	Continue	38
CropBlue	Nuclei	(8, 82)	True	False	True	MoG Global	0.1	1.0	(0.01, 0.875)	Intensity	Intensity	True	True	True	True	NucOutlines_145.jpg	True	Continue	38
CropBlue	Nuclei	(8, 82)	True	False	True	MoG Global	0.1	1.0	(0.01, 1.0)	Intensity	Intensity	True	True	True	True	NucOutlines_146.jpg	True	Continue	38
CropBlue	Nuclei	(8, 82)	True	False	True	MoG Global	0.1	1.0	(0.13, 0.75)	Intensity	Intensity	True	True	True	True	NucOutlines_147.jpg	True	Continue	39
CropBlue	Nuclei	(8, 82)	True	False	True	MoG Global	0.1	1.0	(0.13, 0.875)	Intensity	Intensity	True	True	True	True	NucOutlines_148.jpg	True	Continue	39
CropBlue	Nuclei	(8, 82)	True	False	True	MoG Global	0.1	1.0	(0.13, 1.0)	Intensity	Intensity	True	True	True	True	NucOutlines_149.jpg	True	Continue	39
CropBlue	Nuclei	(8, 82)	True	False	True	MoG Global	0.1	1.0	(0.25, 0.75)	Intensity	Intensity	True	True	True	True	NucOutlines_150.jpg	True	Continue	6
CropBlue	Nuclei	(8, 82)	True	False	True	MoG Global	0.1	1.0	(0.25, 0.875)	Intensity	Intensity	True	True	True	True	NucOutlines_151.jpg	True	Continue	6
CropBlue	Nuclei	(8, 82)	True	False	True	MoG Global	0.1	1.0	(0.25, 1.0)	Intensity	Intensity	True	True	True	True	NucOutlines_152.jpg	True	Continue	6
CropBlue	Nuclei	(8, 82)	True	False	True	MoG Global	0.1	1.25	(0.01, 0.75)	Intensity	Intensity	True	True	True	True	NucOutlines_153.jpg	True	Continue	39
CropBlue	Nuclei	(8, 82)	True	False	True	MoG Global	0.1	1.25	(0.01, 0.875)	Intensity	Intensity	True	True	True	True	NucOutlines_154.jpg	True	Continue	39
CropBlue	Nuclei	(8, 82)	True	False	True	MoG Global	0.1	1.25	(0.01, 1.0)	Intensity	Intensity	True	True	True	True	NucOutlines_155.jpg	True	Continue	39
CropBlue	Nuclei	(8, 82)	True	False	True	MoG Global	0.1	1.25	(0.13, 0.75)	Intensity	Intensity	True	True	True	True	NucOutlines_156.jpg	True	Continue	39
CropBlue	Nuclei	(8, 82)	True	False	True	MoG Global	0.1	1.25	(0.13, 0.875)	Intensity	Intensity	True	True	True	True	NucOutlines_157.jpg	True	Continue	39
CropBlue	Nuclei	(8, 82)	True	False	True	MoG Global	0.1	1.25	(0.13, 1.0)	Intensity	Intensity	True	True	True	True	NucOutlines_158.jpg	True	Continue	39
CropBlue	Nuclei	(8, 82)	True	False	True	MoG Global	0.1	1.25	(0.25, 0.75)	Intensity	Intensity	True	True	True	True	NucOutlines_159.jpg	True	Continue	6
CropBlue	Nuclei	(8, 82)	True	False	True	MoG Global	0.1	1.25	(0.25, 0.875)	Intensity	Intensity	True	True	True	True	NucOutlines_160.jpg	True	Continue	6
CropBlue	Nuclei	(8, 82)	True	False	True	MoG Global	0.1	1.25	(0.25, 1.0)	Intensity	Intensity	True	True	True	True	NucOutlines_161.jpg	True	Continue	6
CropBlue	Nuclei	(10, 73)	True	False	True	MoG Global	0.1	0.75	(0.01, 0.75)	Intensity	Intensity	True	True	True	True	NucOutlines_162.jpg	True	Continue	37
CropBlue	Nuclei	(10, 73)	True	False	True	MoG Global	0.1	0.75	(0.01, 0.875)	Intensity	Intensity	True	True	True	True	NucOutlines_163.jpg	True	Continue	37
CropBlue	Nuclei	(10, 73)	True	False	True	MoG Global	0.1	0.75	(0.01, 1.0)	Intensity	Intensity	True	True	True	True	NucOutlines_164.jpg	True	Continue	37
CropBlue	Nuclei	(10, 73)	True	False	True	MoG Global	0.1	0.75	(0.13, 0.75)	Intensity	Intensity	True	True	True	True	NucOutlines_165.jpg	True	Continue	33
CropBlue	Nuclei	(10, 73)	True	False	True	MoG Global	0.1	0.75	(0.13, 0.875)	Intensity	Intensity	True	True	True	True	NucOutlines_166.jpg	True	Continue	33
CropBlue	Nuclei	(10, 73)	True	False	True	MoG Global	0.1	0.75	(0.13, 1.0)	Intensity	Intensity	True	True	True	True	NucOutlines_167.jpg	True	Continue	33
CropBlue	Nuclei	(10, 73)	True	False	True	MoG Global	0.1	0.75	(0.25, 0.75)	Intensity	Intensity	True	True	True	True	NucOutlines_168.jpg	True	Continue	0
CropBlue	Nuclei	(10, 73)	True	False	True	MoG Global	0.1	0.75	(0.25, 0.875)	Intensity	Intensity	True	True	True	True	NucOutlines_169.jpg	True	Continue	0
CropBlue	Nuclei	(10, 73)	True	False	True	MoG Global	0.1	0.75	(0.25, 1.0)	Intensity	Intensity	True	True	True	True	NucOutlines_170.jpg	True	Continue	0
CropBlue	Nuclei	(10, 73)	True	False	True	MoG Global	0.1	1.0	(0.01, 0.75)	Intensity	Intensity	True	True	True	True	NucOutlines_171.jpg	True	Continue	37
CropBlue	Nuclei	(10, 73)	True	False	True	MoG Global	0.1	1.0	(0.01, 0.875)	Intensity	Intensity	True	True	True	True	NucOutlines_172.jpg	True	Continue	37
CropBlue	Nuclei	(10, 73)	True	False	True	MoG Global	0.1	1.0	(0.01, 1.0)	Intensity	Intensity	True	True	True	True	NucOutlines_173.jpg	True	Continue	37
CropBlue	Nuclei	(10, 73)	True	False	True	MoG Global	0.1	1.0	(0.13, 0.75)	Intensity	Intensity	True	True	True	True	NucOutlines_174.jpg	True	Continue	33
CropBlue	Nuclei	(10, 73)	True	False	True	MoG Global	0.1	1.0	(0.13, 0.875)	Intensity	Intensity	True	True	True	True	NucOutlines_175.jpg	True	Continue	33
CropBlue	Nuclei	(10, 73)	True	False	True	MoG Global	0.1	1.0	(0.13, 1.0)	Intensity	Intensity	True	True	True	True	NucOutlines_176.jpg	True	Continue	33
CropBlue	Nuclei	(10, 73)	True	False	True	MoG Global	0.1	1.0	(0.25, 0.75)	Intensity	Intensity	True	True	True	True	NucOutlines_177.jpg	True	Continue	0
CropBlue	Nuclei	(10, 73)	True	False	True	MoG Global	0.1	1.0	(0.25, 0.875)	Intensity	Intensity	True	True	True	True	NucOutlines_178.jpg	True	Continue	0
CropBlue	Nuclei	(10, 73)	True	False	True	MoG Global	0.1	1.0	(0.25, 1.0)	Intensity	Intensity	True	True	True	True	NucOutlines_179.jpg	True	Continue	0
CropBlue	Nuclei	(10, 73)	True	False	True	MoG Global	0.1	1.25	(0.01, 0.75)	Intensity	Intensity	True	True	True	True	NucOutlines_180.jpg	True	Continue	38
CropBlue	Nuclei	(10, 73)	True	False	True	MoG Global	0.1	1.25	(0.01, 0.875)	Intensity	Intensity	True	True	True	True	NucOutlines_181.jpg	True	Continue	38
CropBlue	Nuclei	(10, 73)	True	False	True	MoG Global	0.1	1.25	(0.01, 1.0)	Intensity	Intensity	True	True	True	True	NucOutlines_182.jpg	True	Continue	38
CropBlue	Nuclei	(10, 73)	True	False	True	MoG Global	0.1	1.25	(0.13, 0.75)	Intensity	Intensity	True	True	True	True	NucOutlines_183.jpg	True	Continue	33
CropBlue	Nuclei	(10, 73)	True	False	True	MoG Global	0.1	1.25	(0.13, 0.875)	Intensity	Intensity	True	True	True	True	NucOutlines_184.jpg	True	Continue	33
CropBlue	Nuclei	(10, 73)	True	False	True	MoG Global	0.1	1.25	(0.13, 1.0)	Intensity	Intensity	True	True	True	True	NucOutlines_185.jpg	True	Continue	33
CropBlue	Nuclei	(10, 73)	True	False	True	MoG Global	0.1	1.25	(0.25, 0.75)	Intensity	Intensity	True	True	True	True	NucOutlines_186.jpg	True	Continue	0
CropBlue	Nuclei	(10, 73)	True	False	True	MoG Global	0.1	1.25	(0.25, 0.875)	Intensity	Intensity	True	True	True	True	NucOutlines_187.jpg	True	Continue	0
CropBlue	Nuclei	(10, 73)	True	False	True	MoG Global	0.1	1.25	(0.25, 1.0)	Intensity	Intensity	True	True	True	True	NucOutlines_188.jpg	True	Continue	0
CropBlue	Nuclei	(10, 77)	True	False	True	MoG Global	0.1	0.75	(0.01, 0.75)	Intensity	Intensity	True	True	True	True	NucOutlines_189.jpg	True	Continue	37
CropBlue	Nuclei	(10, 77)	True	False	True	MoG Global	0.1	0.75	(0.01, 0.875)	Intensity	Intensity	True	True	True	True	NucOutlines_190.jpg	True	Continue	37
CropBlue	Nuclei	(10, 77)	True	False	True	MoG Global	0.1	0.75	(0.01, 1.0)	Intensity	Intensity	True	True	True	True	NucOutlines_191.jpg	True	Continue	37
CropBlue	Nuclei	(10, 77)	True	False	True	MoG Global	0.1	0.75	(0.13, 0.75)	Intensity	Intensity	True	True	True	True	NucOutlines_192.jpg	True	Continue	33
CropBlue	Nuclei	(10, 77)	True	False	True	MoG Global	0.1	0.75	(0.13, 0.875)	Intensity	Intensity	True	True	True	True	NucOutlines_193.jpg	True	Continue	33
CropBlue	Nuclei	(10, 77)	True	False	True	MoG Global	0.1	0.75	(0.13, 1.0)	Intensity	Intensity	True	True	True	True	NucOutlines_194.jpg	True	Continue	33
CropBlue	Nuclei	(10, 77)	True	False	True	MoG Global	0.1	0.75	(0.25, 0.75)	Intensity	Intensity	True	True	True	True	NucOutlines_195.jpg	True	Continue	0
CropBlue	Nuclei	(10, 77)	True	False	True	MoG Global	0.1	0.75	(0.25, 0.875)	Intensity	Intensity	True	True	True	True	NucOutlines_196.jpg	True	Continue	0
CropBlue	Nuclei	(10, 77)	True	False	True	MoG Global	0.1	0.75	(0.25, 1.0)	Intensity	Intensity	True	True	True	True	NucOutlines_197.jpg	True	Continue	0
CropBlue	Nuclei	(10, 77)	True	False	True	MoG Global	0.1	1.0	(0.01, 0.75)	Intensity	Intensity	True	True	True	True	NucOutlines_198.jpg	True	Continue	37
CropBlue	Nuclei	(10, 77)	True	False	True	MoG Global	0.1	1.0	(0.01, 0.875)	Intensity	Intensity	True	True	True	True	NucOutlines_199.jpg	True	Continue	37
CropBlue	Nuclei	(10, 77)	True	False	True	MoG Global	0.1	1.0	(0.01, 1.0)	Intensity	Intensity	True	True	True	True	NucOutlines_200.jpg	True	Continue	37
CropBlue	Nuclei	(10, 77)	True	False	True	MoG Global	0.1	1.0	(0.13, 0.75)	Intensity	Intensity	True	True	True	True	NucOutlines_201.jpg	True	Continue	33
CropBlue	Nuclei	(10, 77)	True	False	True	MoG Global	0.1	1.0	(0.13, 0.875)	Intensity	Intensity	True	True	True	True	NucOutlines_202.jpg	True	Continue	33
CropBlue	Nuclei	(10, 77)	True	False	True	MoG Global	0.1	1.0	(0.13, 1.0)	Intensity	Intensity	True	True	True	True	NucOutlines_203.jpg	True	Continue	33
CropBlue	Nuclei	(10, 77)	True	False	True	MoG Global	0.1	1.0	(0.25, 0.75)	Intensity	Intensity	True	True	True	True	NucOutlines_204.jpg	True	Continue	0
CropBlue	Nuclei	(10, 77)	True	False	True	MoG Global	0.1	1.0	(0.25, 0.875)	Intensity	Intensity	True	True	True	True	NucOutlines_205.jpg	True	Continue	0
CropBlue	Nuclei	(10, 77)	True	False	True	MoG Global	0.1	1.0	(0.25, 1.0)	Intensity	Intensity	True	True	True	True	NucOutlines_206.jpg	True	Continue	0
CropBlue	Nuclei	(10, 77)	True	False	True	MoG Global	0.1	1.25	(0.01, 0.75)	Intensity	Intensity	True	True	True	True	NucOutlines_207.jpg	True	Continue	38
CropBlue	Nuclei	(10, 77)	True	False	True	MoG Global	0.1	1.25	(0.01, 0.875)	Intensity	Intensity	True	True	True	True	NucOutlines_208.jpg	True	Continue	38
CropBlue	Nuclei	(10, 77)	True	False	True	MoG Global	0.1	1.25	(0.01, 1.0)	Intensity	Intensity	True	True	True	True	NucOutlines_209.jpg	True	Continue	38
CropBlue	Nuclei	(10, 77)	True	False	True	MoG Global	0.1	1.25	(0.13, 0.75)	Intensity	Intensity	True	True	True	True	NucOutlines_210.jpg	True	Continue	33
CropBlue	Nuclei	(10, 77)	True	False	True	MoG Global	0.1	1.25	(0.13, 0.875)	Intensity	Intensity	True	True	True	True	NucOutlines_211.jpg	True	Continue	33
CropBlue	Nuclei	(10, 77)	True	False	True	MoG Global	0.1	1.25	(0.13, 1.0)	Intensity	Intensity	True	True	True	True	NucOutlines_212.jpg	True	Continue	33
CropBlue	Nuclei	(10, 77)	True	False	True	MoG Global	0.1	1.25	(0.25, 0.75)	Intensity	Intensity	True	True	True	True	NucOutlines_213.jpg	True	Continue	0
CropBlue	Nuclei	(10, 77)	True	False	True	MoG Global	0.1	1.25	(0.25, 0.875)	Intensity	Intensity	True	True	True	True	NucOutlines_214.jpg	True	Continue	0
CropBlue	Nuclei	(10, 77)	True	False	True	MoG Global	0.1	1.25	(0.25, 1.0)	Intensity	Intensity	True	True	True	True	NucOutlines_215.jpg	True	Continue	0
CropBlue	Nuclei	(10, 82)	True	False	True	MoG Global	0.1	0.75	(0.01, 0.75)	Intensity	Intensity	True	True	True	True	NucOutlines_216.jpg	True	Continue	37
CropBlue	Nuclei	(10, 82)	True	False	True	MoG Global	0.1	0.75	(0.01, 0.875)	Intensity	Intensity	True	True	True	True	NucOutlines_217.jpg	True	Continue	37
CropBlue	Nuclei	(10, 82)	True	False	True	MoG Global	0.1	0.75	(0.01, 1.0)	Intensity	Intensity	True	True	True	True	NucOutlines_218.jpg	True	Continue	37
CropBlue	Nuclei	(10, 82)	True	False	True	MoG Global	0.1	0.75	(0.13, 0.75)	Intensity	Intensity	True	True	True	True	NucOutlines_219.jpg	True	Continue	33
CropBlue	Nuclei	(10, 82)	True	False	True	MoG Global	0.1	0.75	(0.13, 0.875)	Intensity	Intensity	True	True	True	True	NucOutlines_220.jpg	True	Continue	33
CropBlue	Nuclei	(10, 82)	True	False	True	MoG Global	0.1	0.75	(0.13, 1.0)	Intensity	Intensity	True	True	True	True	NucOutlines_221.jpg	True	Continue	33
CropBlue	Nuclei	(10, 82)	True	False	True	MoG Global	0.1	0.75	(0.25, 0.75)	Intensity	Intensity	True	True	True	True	NucOutlines_222.jpg	True	Continue	0
CropBlue	Nuclei	(10, 82)	True	False	True	MoG Global	0.1	0.75	(0.25, 0.875)	Intensity	Intensity	True	True	True	True	NucOutlines_223.jpg	True	Continue	0
CropBlue	Nuclei	(10, 82)	True	False	True	MoG Global	0.1	0.75	(0.25, 1.0)	Intensity	Intensity	True	True	True	True	NucOutlines_224.jpg	True	Continue	0
CropBlue	Nuclei	(10, 82)	True	False	True	MoG Global	0.1	1.0	(0.01, 0.75)	Intensity	Intensity	True	True	True	True	NucOutlines_225.jpg	True	Continue	37
CropBlue	Nuclei	(10, 82)	True	False	True	MoG Global	0.1	1.0	(0.01, 0.875)	Intensity	Intensity	True	True	True	True	NucOutlines_226.jpg	True	Continue	37
CropBlue	Nuclei	(10, 82)	True	False	True	MoG Global	0.1	1.0	(0.01, 1.0)	Intensity	Intensity	True	True	True	True	NucOutlines_227.jpg	True	Continue	37
CropBlue	Nuclei	(10, 82)	True	False	True	MoG Global	0.1	1.0	(0.13, 0.75)	Intensity	Intensity	True	True	True	True	NucOutlines_228.jpg	True	Continue	33
CropBlue	Nuclei	(10, 82)	True	False	True	MoG Global	0.1	1.0	(0.13, 0.875)	Intensity	Intensity	True	True	True	True	NucOutlines_229.jpg	True	Continue	33
CropBlue	Nuclei	(10, 82)	True	False	True	MoG Global	0.1	1.0	(0.13, 1.0)	Intensity	Intensity	True	True	True	True	NucOutlines_230.jpg	True	Continue	33
CropBlue	Nuclei	(10, 82)	True	False	True	MoG Global	0.1	1.0	(0.25, 0.75)	Intensity	Intensity	True	True	True	True	NucOutlines_231.jpg	True	Continue	0
CropBlue	Nuclei	(10, 82)	True	False	True	MoG Global	0.1	1.0	(0.25, 0.875)	Intensity	Intensity	True	True	True	True	NucOutlines_232.jpg	True	Continue	0
CropBlue	Nuclei	(10, 82)	True	False	True	MoG Global	0.1	1.0	(0.25, 1.0)	Intensity	Intensity	True	True	True	True	NucOutlines_233.jpg	True	Continue	0
CropBlue	Nuclei	(10, 82)	True	False	True	MoG Global	0.1	1.25	(0.01, 0.75)	Intensity	Intensity	True	True	True	True	NucOutlines_234.jpg	True	Continue	38
CropBlue	Nuclei	(10, 82)	True	False	True	MoG Global	0.1	1.25	(0.01, 0.875)	Intensity	Intensity	True	True	True	True	NucOutlines_235.jpg	True	Continue	38
CropBlue	Nuclei	(10, 82)	True	False	True	MoG Global	0.1	1.25	(0.01, 1.0)	Intensity	Intensity	True	True	True	True	NucOutlines_236.jpg	True	Continue	38
CropBlue	Nuclei	(10, 82)	True	False	True	MoG Global	0.1	1.25	(0.13, 0.75)	Intensity	Intensity	True	True	True	True	NucOutlines_237.jpg	True	Continue	33
CropBlue	Nuclei	(10, 82)	True	False	True	MoG Global	0.1	1.25	(0.13, 0.875)	Intensity	Intensity	True	True	True	True	NucOutlines_238.jpg	True	Continue	33
CropBlue	Nuclei	(10, 82)	True	False	True	MoG Global	0.1	1.25	(0.13, 1.0)	Intensity	Intensity	True	True	True	True	NucOutlines_239.jpg	True	Continue	33
CropBlue	Nuclei	(10, 82)	True	False	True	MoG Global	0.1	1.25	(0.25, 0.75)	Intensity	Intensity	True	True	True	True	NucOutlines_240.jpg	True	Continue	0
CropBlue	Nuclei	(10, 82)	True	False	True	MoG Global	0.1	1.25	(0.25, 0.875)	Intensity	Intensity	True	True	True	True	NucOutlines_241.jpg	True	Continue	0
CropBlue	Nuclei	(10, 82)	True	False	True	MoG Global	0.1	1.25	(0.25, 1.0)	Intensity	Intensity	True	True	True	True	NucOutlines_242.jpg	True	Continue	0
